[
  {
    "name": "lista-contatos",
    "titulo": "Contactos",
    "objetivo": "Muestra todos los contactos registrados."
  },
  {
    "name": "contatos-por-etiquetas",
    "titulo": "Contactos por etiqueta",
    "objetivo": "Muestra los contactos marcados con la etiqueta filtrada."
  },
  {
    "name": "contatos-por-estado",
    "titulo": "Contactos por Pais",
    "objetivo": "Muestra los contactos ordenados por Pais (considera el código de área)."
  },
  {
    "name": "contatos-por-kanban",
    "titulo": "Contactos por Kanban",
    "objetivo": "Muestra los contactos ordenados por Kanban."
  },
  {
    "name": "contatos-por-carteira",
    "titulo": "Contactos por Cartera",
    "objetivo": "Muestra los contactos ordenados por Cartera."
  },
  {
    "name": "atendimentos-por-parametros",
    "titulo": "Servicios (BETA)",
    "objetivo": "Muestra datos de servicios."
  },
  {
    "name": "estatisticas-atendimentos-usuarios",
    "titulo": "Resumen por usuario (BETA)",
    "objetivo": "Muestra datos por usuario."
  }
]
