{
    "info": {
        "_postman_id": "13d6aca7-fa0e-469d-8fe4-f159a211f843",
        "name": "Postman v3",
        "description": "Postman v3",
        "schema": "https://schema.getpostman.com/json/collection/v2.0.0/collection.json",
        "_exporter_id": "43150465",
        "_collection_link": "https://www.postman.com/spaceflight-engineer-225373/crm-whatsapp/"
    },
    "item": [
        {
            "name": "SendMessageParams",
            "protocolProfileBehavior": {
                "disableBodyPruning": true
            },
            "request": {
                "method": "GET",
                "header": [],
                "body": {
                    "mode": "raw",
                    "raw": "",
                    "options": {
                        "raw": {
                            "language": "json"
                        }
                    }
                },
                "url": {
                    "raw": "https://{{BaseUrl}}/v2/api/external/7e862d5e-87a3-4e3c-80e7-6c26301f11d7/params/?body=Un%20mensaje%20deseado&number=00123456789&externalKey={{SecretKey}}&bearertoken={{BearerToken}}&isClosed=false",
                    "protocol": "https",
                    "host": [
                        "{{BaseUrl}}"
                    ],
                    "path": [
                        "v2",
                        "api",
                        "external",
                        "7e862d5e-87a3-4e3c-80e7-6c26301f11d7",
                        "params",
                        ""
                    ],
                    "query": [
                        {
                            "key": "body",
                            "value": "Un%20mensaje%20deseado",
                            "description": "Texto del mensaje que se enviará"
                        },
                        {
                            "key": "number",
                            "value": "001234567890",
                            "description": "Número de WhatsApp del destinatario (formato: 001234567890)"
                        },
                        {
                            "key": "externalKey",
                            "value": "{{SecretKey}}",
                            "description": "Clave única del sistema para identificación (valor generado de su parte para controlar el envío)"
                        },
                        {
                            "key": "bearertoken",
                            "value": "{{BearerToken}}",
                            "description": "Token de autenticación"
                        },
                        {
                            "key": "isClosed",
                            "value": "false",
                            "description": "Define si el ticket se cerrará después del envío."
                        }
                    ]
                }
            },
            "response": []
        },
        {
            "name": "SendMessageAPIText",
            "request": {
                "auth": {
                    "type": "bearer",
                    "bearer": {
                        "token": "{{BearerToken}}"
                    }
                },
                "method": "POST",
                "header": [],
                "body": {
                    "mode": "raw",
                    "raw": "{\n    // Texto del mensaje que se enviará\n    \"body\": \"El mensaje deseado\",\n    \n    // Número de WhatsApp del destinatario (formato: 001234567890)\n    \"number\": \"001234567890\",\n    \n    // Clave única del sistema para identificación (valor generado de su parte para controlar el envío)\n    \"externalKey\": \"{{SecretKey}}\",\n    \n    // Define si el ticket se cerrará después del envío.\n    \"isClosed\": false\n}",
                    "options": {
                        "raw": {
                            "language": "json"
                        }
                    }
                },
                "url": "https://{{BaseUrl}}/v2/api/external/97de0cfb-6cbc-4def-8c34-150abb3e042a"
            },
            "response": []
        },
        {
            "name": "SendMessageAPIFile",
            "request": {
                "auth": {
                    "type": "bearer",
                    "bearer": {
                        "token": "{{BearerToken}}"
                    }
                },
                "method": "POST",
                "header": [],
                "body": {
                    "mode": "formdata",
                    "formdata": [
                        {
                            "key": "media",
                            "description": "Archivo a enviar (imagen, documento, etc.)",
                            "type": "file",
                            "src": "/C:/Users/User/Downloads/documentos.docx"
                        },
                        {
                            "key": "body",
                            "value": "Mensaje de prueba 2",
                            "description": "Texto del mensaje que acompañará al documento",
                            "type": "text"
                        },
                        {
                            "key": "number",
                            "value": "001234567890",
                            "description": "Número de WhatsApp del destinatario (formato: 001234567890)",
                            "type": "text"
                        },
                        {
                            "key": "externalKey",
                            "value": "{{SecretKey}}",
                            "description": "Clave única del sistema para identificación (valor generado de su parte para controlar el envío)",
                            "type": "text"
                        },
                        {
                            "key": "isClosed",
                            "value": "false",
                            "description": "Define si el ticket se cerrará después del envío.",
                            "type": "text"
                        }
                    ]
                },
                "url": "https://{{BaseUrl}}/v2/api/external/97de0cfb-6cbc-4def-8c34-150abb3e042a"
            },
            "response": []
        },
        {
            "name": "SendMessageAPIFileURL",
            "request": {
                "auth": {
                    "type": "bearer",
                    "bearer": {
                        "token": "{{BearerToken}}"
                    }
                },
                "method": "POST",
                "header": [],
                "body": {
                    "mode": "raw",
                    "raw": "{\r\n    // URL del archivo que se enviará (imagen, documento, etc.)\r\n    \"mediaUrl\": \"https://dominio.com/icon100.png\",\r\n    \r\n    // Texto del mensaje que acompañará al expediente\r\n    \"body\": \"El mensaje deseado\",\r\n    \r\n    // Número de WhatsApp del destinatario (formato: 001234567890)\r\n    \"number\": \"001234567890\",\r\n    \r\n    // Clave única del sistema para identificación (valor generado de su parte para controlar el envío)\r\n    \"externalKey\": \"{{SecretKey}}\",\r\n    \r\n    // Define si el ticket se cerrará después del envío.\r\n    \"isClosed\": false\r\n}",
                    "options": {
                        "raw": {
                            "language": "json"
                        }
                    }
                },
                "url": "https://{{BaseUrl}}/v2/api/external/7e862d5e-87a3-4e3c-80e7-6c26301f11d7/url"
            },
            "response": []
        },
        {
            "name": "SendMessageAPIVoice",
            "request": {
                "auth": {
                    "type": "bearer",
                    "bearer": {
                        "token": "{{BearerToken}}"
                    }
                },
                "method": "POST",
                "header": [],
                "body": {
                    "mode": "raw",
                    "raw": "{\n    // URL del archivo de audio que se enviará\n    \"audio\": \"https://dominio.com/audio.ogg\",\n    \n    // Número de WhatsApp del destinatario (formato: 001234567890)\n    \"number\": \"001234567890\",\n    \n    // Clave única del sistema para identificación (valor generado de su parte para controlar el envío)\n    \"externalKey\": \"{{SecretKey}}\",\n    \n    // Define si el ticket se cerrará después del envío.\n    \"isClosed\": false\n}",
                    "options": {
                        "raw": {
                            "language": "json"
                        }
                    }
                },
                "url": "https://{{BaseUrl}}/v2/api/external/7e862d5e-87a3-4e3c-80e7-6c26301f11d7/voice"
            },
            "response": []
        },
        {
            "name": "SendMessageAPITextBase64",
            "request": {
                "auth": {
                    "type": "bearer",
                    "bearer": {
                        "token": "{{BearerToken}}"
                    }
                },
                "method": "POST",
                "header": [],
                "body": {
                    "mode": "raw",
                    "raw": "{\n    // Texto del mensaje que acompañará al expediente\n    \"body\": \"El mensaje deseado\",\n    \n    // Número de WhatsApp del destinatario (formato: 001234567890)\n    \"number\": \"001234567890\",\n    \n    // Archivo codificado en Base64\n    \"base64Data\": \"//8/w38GIAXDIBKE0DHxgljNggg==\",\n    \n    // Tipo MIME del archivo (por ejemplo, imagen/png, aplicación/pdf)\n    \"mimeType\": \"image/png\",\n    \n    // Nombre del archivo que se mostrará\n    \"fileName\": \"ejemplo_imagen\",\n    \n    // Define si el ticket se cerrará después del envío.\n    \"isClosed\": false\n}",
                    "options": {
                        "raw": {
                            "language": "json"
                        }
                    }
                },
                "url": "https://{{BaseUrl}}/v2/api/external/97de0cfb-6cbc-4def-8c34-150abb3e042a/base64"
            },
            "response": []
        },
        {
            "name": "SendGroupMessageAPIText",
            "request": {
                "auth": {
                    "type": "bearer",
                    "bearer": {
                        "token": "{{BearerToken}}"
                    }
                },
                "method": "POST",
                "header": [],
                "body": {
                    "mode": "raw",
                    "raw": "{\n    // Texto del mensaje que se enviará\n    \"body\": \"A mensagem desejada\",\n    \n    // ID do grupo do WhatsApp\n    \"number\": \"12356818915189153\",\n    \n    // Chave única do sistema para identificação (valor gerado do seu lado para controle do envio)\n    \"externalKey\": \"{{SecretKey}}\",\n    \n    // Define se o ticket será fechado após o envio\n    \"isClosed\": false\n}",
                    "options": {
                        "raw": {
                            "language": "json"
                        }
                    }
                },
                "url": "https://{{BaseUrl}}/v2/api/external/6b756d45-89f7-444f-899e-68ed4e952680/group"
            },
            "response": []
        },
        {
            "name": "SendGroupMessageAPIFile",
            "request": {
                "auth": {
                    "type": "bearer",
                    "bearer": {
                        "token": "{{BearerToken}}"
                    }
                },
                "method": "POST",
                "header": [],
                "body": {
                    "mode": "formdata",
                    "formdata": [
                        {
                            "key": "media",
                            "description": "Archivo(s) a enviar (imagen, documento, etc.)",
                            "type": "file",
                            "src": [
                                "/C:/Users/User/Downloads/documento.docx",
                                "/C:/Users/User/OneDrive/Desktop/crm/frontend/public/bg-wchats.png"
                            ]
                        },
                        {
                            "key": "body",
                            "value": "Mensagem de teste 2",
                            "description": "Texto del mensaje que acompañará al expediente",
                            "type": "text"
                        },
                        {
                            "key": "number",
                            "value": "12356818915189153",
                            "description": "ID del grupo whatsapp",
                            "type": "text"
                        },
                        {
                            "key": "externalKey",
                            "value": "{{SecretKey}}",
                            "description": "Clave única del sistema para identificación (valor generado de su parte para controlar el envío)",
                            "type": "text"
                        },
                        {
                            "key": "isClosed",
                            "value": "false",
                            "description": "Define si el ticket se cerrará después del envío.",
                            "type": "text"
                        }
                    ]
                },
                "url": "https://{{BaseUrl}}/v2/api/external/6b756d45-89f7-444f-899e-68ed4e952680/group"
            },
            "response": []
        },
        {
            "name": "SendMessageAPIFileURLGroup",
            "request": {
                "auth": {
                    "type": "bearer",
                    "bearer": {
                        "token": "{{BearerToken}}"
                    }
                },
                "method": "POST",
                "header": [],
                "body": {
                    "mode": "raw",
                    "raw": "{\r\n    // URL del archivo que se enviará (imagen, documento, etc.)\r\n    \"mediaUrl\": \"https://dominio.com/icon100.png\",\r\n    \r\n    // Texto del mensaje que acompañará al expediente\r\n    \"body\": \"El mensaje deseado\",\r\n    \r\n    // ID del grupo whatsapp\r\n    \"number\": \"12356818915189153\",\r\n    \r\n    // Clave única del sistema para identificación (valor generado de su parte para controlar el envío)\r\n    \"externalKey\": \"{{SecretKey}}\",\r\n    \r\n    // Define si el ticket se cerrará después del envío.\r\n    \"isClosed\": false\r\n}",
                    "options": {
                        "raw": {
                            "language": "json"
                        }
                    }
                },
                "url": "https://{{BaseUrl}}/v2/api/external/7e862d5e-87a3-4e3c-80e7-6c26301f11d7/groupMediaUrl"
            },
            "response": []
        },
        {
            "name": "SendTemplateWaba",
            "request": {
                "auth": {
                    "type": "bearer",
                    "bearer": {
                        "token": "{{BearerToken}}"
                    }
                },
                "method": "POST",
                "header": [],
                "body": {
                    "mode": "raw",
                    "raw": "{\r\n    // Número de WhatsApp del destinatario (formato: 001234567890)\r\n    \"number\": \"001234567890\",\r\n    \r\n    // Define si el ticket se cerrará después del envío.\r\n    \"isClosed\": false,\r\n    \r\n    // Datos de la plantilla de la API de WhatsApp Business\r\n    \"templateData\": {\r\n        // Producto de mensajería (siempre WhatsApp)\r\n        \"messaging_product\": \"whatsapp\",\r\n        \r\n        // Número de destinatario (igual que el campo numérico)\r\n        \"to\": \"001234567890\",\r\n        \r\n        // Tipo de mensaje (siempre template)\r\n        \"type\": \"template\",\r\n        \r\n        // Ajustes template\r\n        \"template\": {\r\n            // Nombre de template aprobado\r\n            \"name\": \"hello_world\",\r\n            \r\n            // Configuración de idioma\r\n            \"language\": {\r\n                // código de idioma (ex: es_ES, en_US)\r\n                \"code\": \"es_ES\"\r\n            }\r\n        }\r\n    }\r\n}",
                    "options": {
                        "raw": {
                            "language": "json"
                        }
                    }
                },
                "url": "https://{{BaseUrl}}/v2/api/external/7e862d5e-87a3-4e3c-80e7-6c26301f11d7/template"
            },
            "response": []
        },
        {
            "name": "CreateContact",
            "request": {
                "auth": {
                    "type": "bearer",
                    "bearer": {
                        "token": "{{BearerToken}}"
                    }
                },
                "method": "POST",
                "header": [],
                "body": {
                    "mode": "raw",
                    "raw": "{\n    // Nombre completo del contacto\n    \"name\": \"Nombre\", \n    \n    // numero whatsap (formato: 001234567890)\n    \"number\": \"001234567890\", \n    \n    // Correo electrónico de contacto\n    \"email\": \"contacto@email.com\",\n    \n    // Contacto CPF (formato: 000.000.000-00) si aplica\n    \"cpf\": \"012.345.678.91\",\n    \n    // Nombre del contacto\n    \"firstName\": \"Nombre principal\",\n    \n    // Apellido de contacto\n    \"lastName\": \"Apellido\",\n    \n    // Nombre de la empresa de contacto\n    \"businessName\": \"Empresa\",\n    \n    // Fecha de nacimiento (formato: DD/MM/AAAA)\n    \"birthdayDate\": \"01/01/1990\",\n    \n    // Clave única del sistema para identificación (valor generado de su parte para controlar el envío)\n    \"externalKey\": \"{{SecretKey}}\"\n}",
                    "options": {
                        "raw": {
                            "language": "json"
                        }
                    }
                },
                "url": "https://{{BaseUrl}}/v2/api/external/bf134fde-f85b-44a8-80bb-0a9ac761b33f/createContact"
            },
            "response": []
        },
        {
            "name": "CreateOpportunity",
            "request": {
                "auth": {
                    "type": "bearer",
                    "bearer": {
                        "token": "{{BearerToken}}"
                    }
                },
                "method": "POST",
                "header": [],
                "body": {
                    "mode": "raw",
                    "raw": "{\n  // Campos de contacto\n  \"number\": \"001234567890\",  // numero whatsap\n  \"contactName\": \"Nombre de contacto\",   // nombre de contacto\n  \"email\": \"contacto@email.com\", // correo electrónico de contacto\n\n  // Campos de oportunidad\n  \"name\": \"Nombre de oportunidad 2\", // nombre de la oportunidad\n  \"value\": 10000.00,              // valor de oportunidad\n  \"status\": \"open\",              // podría ser: \"open\", \"win\", \"lose\"\n  \"pipelineId\": 16,               // ID de pipeline\n  \"stageId\": 7,                  // ID de la pasantía\n  \"responsibleId\": 1,            // ID del responsable\n  \"closingForecast\": \"2024-12-31\", // fecha de cierre prevista\n  \"description\": \"Descripción de la oportunidad\" // descripción de la oportunidad\n}",
                    "options": {
                        "raw": {
                            "language": "json"
                        }
                    }
                },
                "url": "https://{{BaseUrl}}/v2/api/external/bf134fde-f85b-44a8-80bb-0a9ac761b33f/createOpportunity"
            },
            "response": []
        },
        {
            "name": "DeleteOpportunity",
            "request": {
                "auth": {
                    "type": "bearer",
                    "bearer": {
                        "token": "{{BearerToken}}"
                    }
                },
                "method": "POST",
                "header": [],
                "body": {
                    "mode": "raw",
                    "raw": "{\n  // Campos de oportunidad\n  \"opportunityId\": 19 // identificación de oportunidad\n}",
                    "options": {
                        "raw": {
                            "language": "json"
                        }
                    }
                },
                "url": "https://{{BaseUrl}}/v2/api/external/bf134fde-f85b-44a8-80bb-0a9ac761b33f/deleteOpportunity"
            },
            "response": []
        },
        {
            "name": "UpdateOpportunity",
            "request": {
                "auth": {
                    "type": "bearer",
                    "bearer": {
                        "token": "{{BearerToken}}"
                    }
                },
                "method": "POST",
                "header": [],
                "body": {
                    "mode": "raw",
                    "raw": "{\n  // Campos de oportunidad\n  \"opportunityId\": 30, // identificación de oportunidad\n  \"name\": \"API de nombre de oportunidad 2\", // nombre de la oportunidad\n  \"value\": 500.00,              // valor de oportunidad\n  \"status\": \"open\",              // podría ser: \"open\", \"win\", \"lose\"\n  \"pipelineId\": 16,               // identificación de pipeline\n  \"stageId\": 7,                  // ID de la pasantía\n  \"responsibleId\": 1,            // ID del responsable\n  \"closingForecast\": \"2024-12-31\", // fecha de cierre prevista\n  \"description\": \"Descripción de la oportunidad\" // descripción de la oportunidad\n}",
                    "options": {
                        "raw": {
                            "language": "json"
                        }
                    }
                },
                "url": "https://{{BaseUrl}}/v2/api/external/bf134fde-f85b-44a8-80bb-0a9ac761b33f/updateOpportunity"
            },
            "response": []
        },
        {
            "name": "ShowContact",
            "request": {
                "auth": {
                    "type": "bearer",
                    "bearer": {
                        "token": "{{BearerToken}}"
                    }
                },
                "method": "POST",
                "header": [],
                "body": {
                    "mode": "raw",
                    "raw": "{\n    // Número de WhatsApp del contacto (formato: 001234567890)\n    \"number\": \"001234567890\"\n}",
                    "options": {
                        "raw": {
                            "language": "json"
                        }
                    }
                },
                "url": "https://{{BaseUrl}}/v2/api/external/bf134fde-f85b-44a8-80bb-0a9ac761b33f/showcontact"
            },
            "response": []
        },
        {
            "name": "UpdateContact",
            "request": {
                "auth": {
                    "type": "bearer",
                    "bearer": {
                        "token": "{{BearerToken}}"
                    }
                },
                "method": "POST",
                "header": [],
                "body": {
                    "mode": "raw",
                    "raw": "{\n    // Nombre completo del contacto\n    \"name\": \"Nome\", \n    \n    // numero whatsap (formato: 001234567890)\n    \"number\": \"001234567890\", \n    \n    // Email del contacto\n    \"email\": \"contacto@email.com\",\n    \n    // Contacto CPF(formato: 000.000.000-00)\n    \"cpf\": \"012.345.678.91\",\n    \n    // Nombre del contacto\n    \"firstName\": \"Nombre principal\",\n    \n    // Apellido de contacto\n    \"lastName\": \"Apellido\",\n    \n    // Nombre de la empresa de contacto\n    \"businessName\": \"Empresa\",\n    \n    // Fecha de nacimiento (formato: DD/MM/AAAA)\n    \"birthdayDate\": \"01/01/1990\",\n    \n    // ID del kanban de contacto\n    \"kanban\": 2,\n    \n    // Clave única del sistema para identificación (valor generado de su parte para controlar el envío y no se puede repetir)\n    \"externalKey\": \"UNIQUE_ID_DO_SISTEMA_CLIENTE_PARA_EXECUTAR_UMA_ACAO_COM_WEBHOOK\"\n}",
                    "options": {
                        "raw": {
                            "language": "json"
                        }
                    }
                },
                "url": "https://{{BaseUrl}}/v2/api/external/bf134fde-f85b-44a8-80bb-0a9ac761b33f/updateContact"
            },
            "response": []
        },
        {
            "name": "CreateNotes",
            "request": {
                "auth": {
                    "type": "bearer",
                    "bearer": {
                        "token": "{{BearerToken}}"
                    }
                },
                "method": "POST",
                "header": [],
                "body": {
                    "mode": "raw",
                    "raw": "{\n    // Texto de la nota que se agregará a la ticket\n    \"notes\": \"Mensaje de nota\", \n    \n    // ID del ticket que recibirá la nota\n    \"ticketId\": 1262, \n    \n    // ID del usuario que crea la nota\n    \"userId\": 1,\n    \n    // Clave única del sistema para identificación (valor generado de su parte para controlar el envío y no se puede repetir)\n    \"idFront\": \"UNIQUE_ID_DO_SISTEMA_CLIENTE_PARA_EXECUTAR_UMA_ACAO_COM_WEBHOOK\"\n}",
                    "options": {
                        "raw": {
                            "language": "json"
                        }
                    }
                },
                "url": "https://{{BaseUrl}}/v2/api/external/bf134fde-f85b-44a8-80bb-0a9ac761b33f/createNotes"
            },
            "response": []
        },
        {
            "name": "CreateTicket",
            "request": {
                "auth": {
                    "type": "bearer",
                    "bearer": {
                        "token": "{{BearerToken}}"
                    }
                },
                "method": "POST",
                "header": [],
                "body": {
                    "mode": "raw",
                    "raw": "{\n    // Texto del mensaje inicial ticket\n    \"body\": \"El mensaje deseado\",\n    \n    // Número de WhatsApp del contacto (formato: 001234567890)\n    \"number\": \"001234567890\",\n    \n    // Clave única del sistema para identificación (valor generado de su parte para controlar el envío)\n    \"externalKey\": \"{{SecretKey}}\",\n    \n    // ID del usuario que crea el ticket\n    \"userId\": 3,\n    \n    // Estado inicial de ticket (pending, open, closed)\n    \"status\": \"pending\",\n    \n    // ID de kanban (opcional)\n    // \"kanbanId\": 1,\n    \n    // ID del flujo de chat (opcional)\n    // \"chatFlowId\": 16,\n    \n    // ID de departamento (opcional)\n    // \"queueId\": 1,\n    \n    // ID de solicitudes (opcional)\n    // \"reasonId\": 1,\n    \n    // Valor de ticket (opcional)\n    // \"value\": 10.25\n}",
                    "options": {
                        "raw": {
                            "language": "json"
                        }
                    }
                },
                "url": "https://{{BaseUrl}}/v2/api/external/97de0cfb-6cbc-4def-8c34-150abb3e042a/createTicket"
            },
            "response": []
        },
        {
            "name": "CreateTicketFile",
            "request": {
                "auth": {
                    "type": "bearer",
                    "bearer": {
                        "token": "{{BearerToken}}"
                    }
                },
                "method": "POST",
                "header": [],
                "body": {
                    "mode": "formdata",
                    "formdata": [
                        {
                            "key": "media",
                            "description": "Archivo a enviar (imagen, documento, etc.)",
                            "type": "file",
                            "src": "/C:/Users/User/Downloads/documento.docx"
                        },
                        {
                            "key": "body",
                            "value": "Mensaje de prueba 2",
                            "description": "Texto del mensaje inicial ticket",
                            "type": "text"
                        },
                        {
                            "key": "number",
                            "value": "001234567890",
                            "description": "Número de WhatsApp del contacto (formato: 001234567890)",
                            "type": "text"
                        },
                        {
                            "key": "externalKey",
                            "value": "{{SecretKey}}",
                            "description": "Clave única del sistema para identificación (valor generado de su parte para controlar el envío)",
                            "type": "text"
                        },
                        {
                            "key": "userId",
                            "value": "3",
                            "description": "ID del usuario que crea el ticket",
                            "type": "text"
                        },
                        {
                            "key": "status",
                            "value": "pending",
                            "description": "Estado inicial de ticket (pending, open, closed)",
                            "type": "text"
                        },
                        {
                            "key": "kanbanId",
                            "value": "1",
                            "description": "ID de kanban (opcional)",
                            "type": "text"
                        },
                        {
                            "key": "chatFlowId",
                            "value": "10",
                            "description": "ID del flujo de chat (opcional)",
                            "type": "text"
                        },
                        {
                            "key": "queueId",
                            "value": "1",
                            "description": "ID del departamento (opcional)",
                            "type": "text"
                        }
                    ]
                },
                "url": "https://{{BaseUrl}}/v2/api/external/97de0cfb-6cbc-4def-8c34-150abb3e042a/createTicket"
            },
            "response": []
        },
        {
            "name": "SetQueue",
            "request": {
                "auth": {
                    "type": "bearer",
                    "bearer": {
                        "token": "{{BearerToken}}"
                    }
                },
                "method": "POST",
                "header": [],
                "body": {
                    "mode": "raw",
                    "raw": "{\n    // ID del ticket al que se le cambiará la cola\n    \"ticketId\": 4,\n    \n    // ID de cola que se asignará al ticket\n    \"queueId\": 1\n}",
                    "options": {
                        "raw": {
                            "language": "json"
                        }
                    }
                },
                "url": "https://{{BaseUrl}}/v2/api/external/7e862d5e-87a3-4e3c-80e7-6c26301f11d7/updatequeue"
            },
            "response": []
        },
        {
            "name": "SetTag",
            "request": {
                "auth": {
                    "type": "bearer",
                    "bearer": {
                        "token": "{{BearerToken}}"
                    }
                },
                "method": "POST",
                "header": [],
                "body": {
                    "mode": "raw",
                    "raw": "{\n    // ID del billete al que se le cambiará la etiqueta\n    \"ticketId\": 4,\n    \n    // ID de la etiqueta que se asignará al ticket\n    \"tag\": 1\n}",
                    "options": {
                        "raw": {
                            "language": "json"
                        }
                    }
                },
                "url": "https://{{BaseUrl}}/v2/api/external/7e862d5e-87a3-4e3c-80e7-6c26301f11d7/updatetag"
            },
            "response": []
        },
        {
            "name": "SetTicketInfo",
            "request": {
                "auth": {
                    "type": "bearer",
                    "bearer": {
                        "token": "{{BearerToken}}"
                    }
                },
                "method": "POST",
                "header": [],
                "body": {
                    "mode": "raw",
                    "raw": "{\n    // ID del ticket que se actualizará\n    \"ticketId\": 1262,\n    \n    // ID del usuario que realiza la actualización\n    \"userId\": 1,\n    \n    // Estado del ticket (pending, open, closed)\n    \"status\": \"pending\",\n    \n    // ID del departamento del ticket (null para eliminar)\n    \"queueId\": null,\n    \n    // Estado de integración con Typebot\n    \"typebotStatus\": false,\n    \n    // Estado de integración con ChatGPT\n    \"chatgptStatus\": false,\n    \n    // Estado de integración con Dialogflow\n    \"dialogflowStatus\": false,\n    \n    // Estado de integración con Dify\n    \"difyStatus\": false,\n    \n    // Estado de integración con N8N\n    \"n8nStatus\": false,\n    \n    // ID del flujo de chat (null para remover)\n    \"chatFlowId\": null\n}",
                    "options": {
                        "raw": {
                            "language": "json"
                        }
                    }
                },
                "url": "https://{{BaseUrl}}/v2/api/external/97de0cfb-6cbc-4def-8c34-150abb3e042a/updateticketinfo"
            },
            "response": []
        },
        {
            "name": "ShowTicketInformation",
            "request": {
                "auth": {
                    "type": "bearer",
                    "bearer": {
                        "token": "{{BearerToken}}"
                    }
                },
                "method": "POST",
                "header": [],
                "body": {
                    "mode": "raw",
                    "raw": "{\n    // Número de WhatsApp del contacto (formato: 001234567890)\n    \"number\": \"001234567890\"\n}",
                    "options": {
                        "raw": {
                            "language": "json"
                        }
                    }
                },
                "url": "https://{{BaseUrl}}/v2/api/external/7e862d5e-87a3-4e3c-80e7-6c26301f11d7/showticket"
            },
            "response": []
        },
        {
            "name": "ShowTicketInformationChatBot",
            "request": {
                "auth": {
                    "type": "bearer",
                    "bearer": {
                        "token": "{{BearerToken}}"
                    }
                },
                "method": "POST",
                "header": [],
                "body": {
                    "mode": "raw",
                    "raw": "{\n    // Número de WhatsApp del contacto (formato: 001234567890)\n    \"number\": \"001234567890\"\n}",
                    "options": {
                        "raw": {
                            "language": "json"
                        }
                    }
                },
                "url": "https://{{BaseUrl}}/v2/api/external/7141066a-8152-41d4-b429-f47e2068ee27/showticketchatbot"
            },
            "response": []
        },
        {
            "name": "ShowAllTicketInformation",
            "request": {
                "auth": {
                    "type": "bearer",
                    "bearer": {
                        "token": "{{BearerToken}}"
                    }
                },
                "method": "POST",
                "header": [],
                "body": {
                    "mode": "raw",
                    "raw": "{\n    // Número de WhatsApp del contacto (formato: 001234567890)\n    \"number\": \"001234567890\"\n}",
                    "options": {
                        "raw": {
                            "language": "json"
                        }
                    }
                },
                "url": "https://{{BaseUrl}}/v2/api/external/7141066a-8152-41d4-b429-f47e2068ee27/showallticket"
            },
            "response": []
        },
        {
            "name": "ShowAllMessages",
            "request": {
                "auth": {
                    "type": "bearer",
                    "bearer": {
                        "token": "{{BearerToken}}"
                    }
                },
                "method": "POST",
                "header": [],
                "body": {
                    "mode": "raw",
                    "raw": "{\n    // ID del ticket que tendrá los mensajes listados\n    \"ticket\": \"123\"\n}",
                    "options": {
                        "raw": {
                            "language": "json"
                        }
                    }
                },
                "url": "https://{{BaseUrl}}/v2/api/external/7141066a-8152-41d4-b429-f47e2068ee27/showAllMessages"
            },
            "response": []
        },
        {
            "name": "ShowChannelInformation",
            "request": {
                "auth": {
                    "type": "bearer",
                    "bearer": {
                        "token": "{{BearerToken}}"
                    }
                },
                "method": "POST",
                "header": [],
                "body": {
                    "mode": "raw",
                    "raw": "{\n    // Número de WhatsApp del canal (formato: 001234567890)\n    \"number\": \"001234567890\"\n}",
                    "options": {
                        "raw": {
                            "language": "json"
                        }
                    }
                },
                "url": "https://{{BaseUrl}}/v2/api/external/97de0cfb-6cbc-4def-8c34-150abb3e042a/showChannel"
            },
            "response": []
        },
        {
            "name": "ShowChannelInformationById",
            "request": {
                "auth": {
                    "type": "bearer",
                    "bearer": {
                        "token": "{{BearerToken}}"
                    }
                },
                "method": "POST",
                "header": [],
                "body": {
                    "mode": "raw",
                    "raw": "{\n    // ID del canal que será consultado\n    \"id\": 43\n}",
                    "options": {
                        "raw": {
                            "language": "json"
                        }
                    }
                },
                "url": "https://{{BaseUrl}}/v2/api/external/97de0cfb-6cbc-4def-8c34-150abb3e042a/showChannelById"
            },
            "response": []
        },
        {
            "name": "ListGroupsInfo",
            "request": {
                "auth": {
                    "type": "bearer",
                    "bearer": {
                        "token": "{{BearerToken}}"
                    }
                },
                "method": "POST",
                "header": [],
                "body": {
                    "mode": "raw",
                    "raw": "{\n    //enumerar todos los grupos\n    \"listGroups\": true, \n    \n    //enumerar todos los grupos y agregar la matriz de participantes\n    \"listParticipants\": true \n\n    // Opcional (enumera datos de un grupo específico, p. ej.: idDoGrupo@g.us)\n    // \"groupId\": \"15487553263266@g.us\" \n}",
                    "options": {
                        "raw": {
                            "language": "json"
                        }
                    }
                },
                "url": "https://{{BaseUrl}}/v2/api/external/97de0cfb-6cbc-4def-8c34-150abb3e042a/listGroupInfo"
            },
            "response": []
        },
        {
            "name": "CreateSession",
            "request": {
                "auth": {
                    "type": "bearer",
                    "bearer": {
                        "token": "{{BearerToken}}"
                    }
                },
                "method": "POST",
                "header": [],
                "body": {
                    "mode": "raw",
                    "raw": "{\n    // Nombre de la instancia de WhatsApp\n    \"name\": \"My WhatsApp Instance\",\n    \n    // Estado de la sesión inicial (DISCONNECTED, CONNECTED)\n    \"status\": \"DISCONNECTED\",\n    \n    // Tipo de sesión\n    \"type\": \"baileys\"\n}",
                    "options": {
                        "raw": {
                            "language": "json"
                        }
                    }
                },
                "url": "https://{{BaseUrl}}/v2/api/external/97de0cfb-6cbc-4def-8c34-150abb3e042a/createtSession"
            },
            "response": []
        },
        {
            "name": "DeleteSession",
            "request": {
                "auth": {
                    "type": "bearer",
                    "bearer": {
                        "token": "{{BearerToken}}"
                    }
                },
                "method": "POST",
                "header": [],
                "body": {
                    "mode": "raw",
                    "raw": "{\n    // ID de sesión de WhatsApp que se eliminará\n    \"whatsappId\": 1\n}",
                    "options": {
                        "raw": {
                            "language": "json"
                        }
                    }
                },
                "url": "https://{{BaseUrl}}/v2/api/external/97de0cfb-6cbc-4def-8c34-150abb3e042a/deleteSession"
            },
            "response": []
        },
        {
            "name": "StartSession",
            "request": {
                "auth": {
                    "type": "bearer",
                    "bearer": {
                        "token": "{{BearerToken}}"
                    }
                },
                "method": "POST",
                "header": [],
                "body": {
                    "mode": "raw",
                    "raw": "{\n    // ID de la sesión de WhatsApp que se iniciará\n    \"whatsappId\": 1\n}",
                    "options": {
                        "raw": {
                            "language": "json"
                        }
                    }
                },
                "url": "https://{{BaseUrl}}/v2/api/external/97de0cfb-6cbc-4def-8c34-150abb3e042a/startSession"
            },
            "response": []
        },
        {
            "name": "ShowQrCode",
            "request": {
                "auth": {
                    "type": "bearer",
                    "bearer": {
                        "token": "{{BearerToken}}"
                    }
                },
                "method": "POST",
                "header": [],
                "body": {
                    "mode": "raw",
                    "raw": "{\n    // ID de sesión de WhatsApp que tendrá el Código QR generado\n    \"whatsappId\": 1\n}",
                    "options": {
                        "raw": {
                            "language": "json"
                        }
                    }
                },
                "url": "https://{{BaseUrl}}/v2/api/external/97de0cfb-6cbc-4def-8c34-150abb3e042a/qrCodeSession"
            },
            "response": []
        },
        {
            "name": "CreateApi",
            "request": {
                "auth": {
                    "type": "bearer",
                    "bearer": {
                        "token": "{{SuperAdminToken}}"
                    }
                },
                "method": "POST",
                "header": [],
                "body": {
                    "mode": "raw",
                    "raw": "{\n    // Nombre de la API que se creará\n    \"name\": \"API 1\",\n    \n    // ID de sesión de WhatsApp asociado\n    \"sessionId\": 1,\n    \n    // URL para recibir actualizaciones del estado del servicio (opcional)\n    \"urlServiceStatus\": null,\n    \n    // URL para recibir actualizaciones del estado de los mensajes (opcional)\n    \"urlMessageStatus\": null,\n    \n    // ID del usuario que crea el API\n    \"userId\": 1,\n    \n    // Token autenticación para la API\n    \"authToken\": \"123456\",\n    \n    // ID del inquilino que tendrá la API\n    \"tenant\": 1\n}",
                    "options": {
                        "raw": {
                            "language": "json"
                        }
                    }
                },
                "url": "https://{{BaseUrl}}/tenantCreateApi"
            },
            "response": []
        },
        {
            "name": "DeleteApi",
            "request": {
                "auth": {
                    "type": "bearer",
                    "bearer": {
                        "token": "{{SuperAdminToken}}"
                    }
                },
                "method": "POST",
                "header": [],
                "body": {
                    "mode": "raw",
                    "raw": "{\n    // ID de la sesión de WhatsApp asociada al API\n    \"sessionId\": 43,\n    \n    // ID del usuario que está eliminando el API\n    \"userId\": 1,\n    \n    // ID del inquilino propietario del API\n    \"tenant\": 1,\n    \n    // ID de la API que se eliminará\n    \"apiId\": \"5ec32c80-4549-4256-8ed1-ed57b86396c3\"\n}",
                    "options": {
                        "raw": {
                            "language": "json"
                        }
                    }
                },
                "url": "https://{{BaseUrl}}/tenantDeleteApi"
            },
            "response": []
        },
        {
            "name": "StoreTenant",
            "request": {
                "auth": {
                    "type": "bearer",
                    "bearer": {
                        "token": "{{SuperAdminToken}}"
                    }
                },
                "method": "POST",
                "header": [],
                "body": {
                    "mode": "raw",
                    "raw": "{\n    // Estado del inquilino (active, inactive)\n    \"status\": \"active\",\n    \n    // Nombre de empresa/tenant\n    \"name\": \"Empresa Ejemplo\",\n    \n    // Número máximo de usuarios permitidos\n    \"maxUsers\": 3,\n    \n    // Número máximo de conexiones de WhatsApp permitidas\n    \"maxConnections\": 3,\n    \n    // Confirmación de aceptación de términos.\n    \"acceptTerms\": true,\n    \n    // Email del administrador de tenant\n    \"email\": \"user@ejemplo.com\",\n    \n    // Contraseña de administrador (mínimo 8 caracteres, incluyendo números y caracteres especiales)\n    \"password\": \"seguroPassword123!\",\n    \n    // Nombre completo del administrador\n    \"userName\": \"Jhon Due\",\n    \n    // Perfil de administrador (admin, user)\n    \"profile\": \"admin\"\n}",
                    "options": {
                        "raw": {
                            "language": "json"
                        }
                    }
                },
                "url": "https://{{BaseUrl}}/tenantApiStoreTenant"
            },
            "response": []
        },
        {
            "name": "ShowTenant",
            "request": {
                "auth": {
                    "type": "bearer",
                    "bearer": {
                        "token": "{{SuperAdminToken}}"
                    }
                },
                "method": "POST",
                "header": [],
                "body": {
                    "mode": "raw",
                    "raw": "{\n    // ID del inquilino que será consultado\n    \"id\": 1\n}",
                    "options": {
                        "raw": {
                            "language": "json"
                        }
                    }
                },
                "url": "https://{{BaseUrl}}/tenantApiShowTenant"
            },
            "response": []
        },
        {
            "name": "UpdateTenant",
            "request": {
                "auth": {
                    "type": "bearer",
                    "bearer": {
                        "token": "{{SuperAdminToken}}"
                    }
                },
                "method": "POST",
                "header": [],
                "body": {
                    "mode": "raw",
                    "raw": "{\n    // Estado del inquilino (active, inactive)\n    \"status\": \"active\",\n    \n    // Identidad de tenant (CPF/CNPJ)\n    \"identity\": \"07122989674\",\n    \n    // Número máximo de usuarios permitidos\n    \"maxUsers\": 100,\n    \n    // Número máximo de conexiones de WhatsApp permitidas\n    \"maxConnections\": 10\n}",
                    "options": {
                        "raw": {
                            "language": "json"
                        }
                    }
                },
                "url": "https://{{BaseUrl}}/tenantApiUpdateTenant"
            },
            "response": []
        }
    ],
    "auth": {
        "type": "bearer",
        "bearer": {
            "token": "{{vault:authorization-secret}}"
        }
    },
    "event": [
        {
            "listen": "prerequest",
            "script": {
                "type": "text/javascript",
                "exec": [
                    ""
                ]
            }
        },
        {
            "listen": "test",
            "script": {
                "type": "text/javascript",
                "exec": [
                    ""
                ]
            }
        }
    ],
    "variable": [
        {
            "key": "BaseUrl",
            "value": "backend_url_aquí"
        },
        {
            "key": "BearerToken",
            "value": "su_token_aquí"
        },
        {
            "key": "SecretKey",
            "value": "unique_id"
        },
        {
            "key": "SuperAdminToken",
            "value": "su_superadmin_token_aquí"
        }
    ]
}